id;title;content;date
1;Saint Helena Pound mesh;../fake-data/blob/hipster.txt;2021-03-17T01:47:41
2;Armenia Orchestrator Specialist;../fake-data/blob/hipster.txt;2021-03-17T06:45:21
3;deposit Incredible Wooden Hat;../fake-data/blob/hipster.txt;2021-03-16T21:13:05
4;help-desk 24/7 transform;../fake-data/blob/hipster.txt;2021-03-17T01:52:49
5;next-generation magenta;../fake-data/blob/hipster.txt;2021-03-17T03:38:14
6;orchid New York;../fake-data/blob/hipster.txt;2021-03-17T10:55:07
7;revolutionize mobile;../fake-data/blob/hipster.txt;2021-03-17T06:57:45
8;Optimized Fully-configurable methodologies;../fake-data/blob/hipster.txt;2021-03-17T03:15:19
9;Handmade Common compress;../fake-data/blob/hipster.txt;2021-03-16T20:41:47
10;explicit;../fake-data/blob/hipster.txt;2021-03-17T01:06:18
